{
  "project_info": {
    "project_number": "424305030283",
    "firebase_url": "https://parkyardtest.firebaseio.com",
    "project_id": "parkyardtest",
    "storage_bucket": "parkyardtest.appspot.com"
  },
  "client": [
    {
      "client_info": {
        "mobilesdk_app_id": "1:424305030283:android:6a1d25888cf96da1",
        "android_client_info": {
          "package_name": "com.example.lenovo.instagramgradienttheme"
        }
      },
      "oauth_client": [
        {
          "client_id": "424305030283-aahq3q8huv4cpg5ghgbc107rluukmh2m.apps.googleusercontent.com",
          "client_type": 3
        }
      ],
      "api_key": [
        {
          "current_key": "AIzaSyBZWGae6kFvpMCdfOe4P2TgaHCsCnRubTQ"
        }
      ],
      "services": {
        "analytics_service": {
          "status": 1
        },
        "appinvite_service": {
          "status": 1,
          "other_platform_oauth_client": []
        },
        "ads_service": {
          "status": 2
        }
      }
    }
  ],
  "configuration_version": "1"
}